,daniel,ismael,carlos,pilar,moda
0,2,2,2,2,2
1,2,1,1,1,1
2,1,1,1,1,1
3,0,1,0,0,0
4,2,3,2,3,2
5,3,1,1,1,1
6,3,1,1,1,1
7,0,0,0,0,0
8,0,3,3,3,3
9,2,1,2,1,1
10,1,1,3,1,1
11,2,3,2,1,2
12,1,3,3,3,3
13,3,3,2,2,2
14,0,0,0,0,0
15,3,3,0,3,3
16,0,0,3,3,0
17,3,3,3,3,3
18,1,0,3,0,0
19,0,0,1,0,0
20,1,1,1,1,1
21,3,3,3,3,3
22,0,1,2,0,0
23,1,3,1,1,1
24,2,1,3,3,3
25,3,3,0,0,0
26,0,0,0,0,0
27,0,0,0,0,0
28,1,1,1,1,1
29,2,1,2,2,2
30,0,0,0,0,0
31,2,2,2,2,2
32,1,3,2,3,3
33,0,0,3,0,0
34,2,2,2,2,2
35,3,3,2,2,2
36,2,1,2,2,2
37,3,3,2,2,2
38,0,0,3,0,0
39,1,2,2,1,1
40,0,3,3,3,3
41,2,3,2,1,2
42,1,3,1,1,1
43,1,0,1,2,1
44,3,3,1,3,3
45,1,0,2,3,0
46,0,0,0,0,0
47,1,3,1,1,1
48,1,2,3,2,2
49,1,0,1,1,1
50,1,3,2,1,1
51,0,3,0,0,0
52,1,3,1,3,1
53,1,1,1,1,1
54,0,3,0,0,0
55,0,0,2,0,0
56,2,1,2,3,2
57,0,0,0,0,0
58,0,2,0,0,0
59,1,1,3,1,1
60,3,3,2,3,3
61,1,1,1,1,1
62,1,0,3,0,0
63,0,3,3,3,3
64,2,0,3,3,3
65,1,1,1,1,1
66,1,2,2,2,2
67,0,0,0,0,0
68,1,3,1,0,1
69,0,0,0,0,0
70,0,3,0,0,0
71,0,3,3,3,3
72,1,3,0,0,0
73,2,3,3,3,3
74,2,2,2,2,2
75,0,3,0,0,0
76,1,1,1,1,1
77,1,3,1,3,1
78,0,1,0,0,0
79,3,1,1,3,1
80,0,3,0,0,0
81,1,0,1,1,1
82,2,3,0,3,3
83,1,1,1,1,1
84,0,0,0,0,0
85,1,1,3,3,1
86,0,0,1,0,0
87,0,0,0,0,0
88,0,0,0,0,0
89,0,0,0,0,0
90,2,3,1,1,1
91,0,3,0,0,0
92,1,0,1,1,1
93,0,0,0,1,0
94,1,1,1,1,1
95,2,2,2,3,2
96,2,2,2,2,2
97,2,2,2,2,2
98,2,3,2,3,2
99,0,3,0,0,0
100,2,2,3,2,2
101,1,1,1,0,1
102,1,2,1,2,1
103,2,0,3,3,3
104,1,3,2,1,1
105,0,0,0,0,0
106,2,2,2,3,2
107,0,0,0,0,0
108,0,0,0,3,0
109,1,1,2,1,1
110,0,1,1,3,1
111,2,1,3,2,2
112,0,0,0,0,0
113,2,1,2,2,2
114,1,3,0,0,0
115,0,0,0,0,0
116,0,0,0,0,0
117,0,0,0,0,0
118,1,3,3,1,1
119,0,0,0,0,0
120,2,2,3,0,2
121,0,1,0,3,0
122,3,3,0,3,3
123,0,3,0,0,0
124,3,0,0,0,0
125,3,3,0,3,3
126,1,3,1,0,1
127,1,1,1,1,1
128,0,3,3,0,0
129,1,1,2,1,1
130,1,0,0,3,0
131,0,3,2,3,3
132,0,0,0,0,0
133,0,0,0,0,0
134,0,0,0,0,0
135,0,0,0,0,0
136,1,1,1,1,1
137,0,3,0,0,0
138,0,0,0,0,0
139,0,0,0,3,0
140,0,0,0,0,0
141,0,0,0,0,0
142,1,3,1,3,1
143,0,0,0,0,0
144,2,1,2,2,2
145,0,0,0,0,0
146,0,0,0,0,0
147,0,3,0,3,0
148,1,1,0,0,0
149,1,3,1,1,1
150,1,3,2,2,2
151,1,2,1,1,1
152,1,3,2,3,3
153,0,3,0,1,0
154,2,3,2,2,2
155,0,2,0,0,0
156,0,0,0,0,0
157,0,0,1,0,0
158,2,0,2,2,2
159,1,3,1,1,1
160,3,1,2,0,0
161,1,0,3,1,1
162,1,3,1,1,1
163,1,1,3,1,1
164,0,3,0,0,0
165,0,0,3,1,0
166,0,3,0,0,0
167,2,0,2,2,2
168,2,2,2,2,2
169,2,2,3,2,2
170,0,1,0,0,0
171,0,2,0,0,0
172,1,0,1,3,1
173,1,0,1,3,1
174,0,3,0,1,0
175,1,1,1,1,1
176,0,0,0,0,0
177,2,0,2,1,2
178,0,1,0,0,0
179,1,0,1,0,0
180,0,0,0,3,0
181,0,0,0,3,0
182,2,0,2,2,2
183,2,2,2,2,2
184,1,3,2,1,1
185,0,3,0,1,0
186,0,1,1,0,0
187,1,0,2,1,1
188,2,1,1,1,1
189,2,2,2,1,2
190,1,1,2,3,1
191,1,3,0,1,1
192,0,0,0,0,0
193,0,0,0,0,0
194,3,0,2,0,0
195,2,1,1,1,1
196,0,2,0,0,0
197,0,0,1,0,0
198,3,0,0,0,0
199,0,0,1,1,0
200,0,1,1,0,0
201,0,3,0,0,0
202,0,0,0,0,0
203,2,2,2,2,2
204,0,0,0,1,0
205,3,1,1,1,1
206,0,2,0,3,0
207,0,3,0,3,0
208,0,3,2,2,2
209,3,0,2,2,2
210,1,3,1,1,1
211,0,3,0,0,0
212,2,3,2,1,2
213,0,2,0,3,0
214,0,0,0,0,0
215,1,1,1,1,1
216,1,0,1,1,1
217,0,0,1,3,0
218,3,1,3,3,3
219,0,1,0,0,0
220,0,3,0,0,0
221,3,3,3,3,3
222,0,0,0,0,0
223,0,1,3,0,0
224,0,1,0,0,0
225,2,0,3,3,3
226,1,1,1,1,1
227,0,1,0,0,0
228,2,1,2,2,2
229,0,1,0,0,0
230,0,0,0,0,0
231,2,2,2,2,2
232,1,1,2,2,1
233,0,1,3,0,0
234,1,1,0,1,1
235,1,1,3,1,1
236,2,1,0,0,0
237,1,1,2,1,1
238,0,1,0,0,0
239,3,0,3,3,3
240,0,1,0,0,0
241,0,0,0,3,0
242,0,0,0,0,0
243,0,0,0,3,0
244,0,1,0,0,0
245,0,1,0,0,0
246,1,3,0,1,1
247,0,0,0,0,0
248,0,0,0,0,0
249,0,0,0,0,0
250,0,1,3,0,0
251,3,0,3,3,3
252,1,0,0,2,0
253,0,0,0,3,0
254,0,0,3,3,0
255,1,1,2,3,1
256,2,1,3,2,2
257,1,0,1,1,1
258,1,1,0,1,1
259,0,0,3,0,0
260,3,1,0,0,0
261,0,1,3,3,3
262,1,1,2,1,1
263,1,1,3,2,1
264,2,0,0,3,0
265,0,0,1,3,0
266,1,1,2,1,1
267,2,1,3,1,1
268,3,1,2,3,3
269,1,0,1,1,1
270,3,1,1,3,1
271,1,1,1,1,1
272,0,0,0,3,0
273,0,1,0,3,0
274,0,1,2,1,1
275,0,1,3,0,0
276,1,0,1,1,1
277,1,1,3,1,1
278,0,1,0,0,0
279,1,1,1,0,1
280,1,1,2,0,1
281,1,1,3,2,1
282,0,1,0,0,0
283,0,1,3,0,0
284,3,0,0,3,0
285,0,1,3,1,1
286,3,1,3,3,3
287,0,0,0,3,0
288,0,1,0,0,0
289,0,1,0,0,0
290,0,1,2,1,1
291,1,1,1,1,1
292,0,1,1,3,1
293,1,1,2,1,1
294,2,1,0,2,2
295,0,1,1,0,0
296,1,1,0,1,1
297,0,1,3,0,0
298,1,1,2,2,1
299,2,1,3,2,2
300,1,1,2,3,1
301,1,1,0,1,1
302,0,1,0,0,0
303,0,1,3,0,0
304,2,1,3,2,2
305,0,1,3,0,0
306,2,0,0,2,0
307,0,0,1,0,0
308,1,1,1,1,1
309,1,1,2,1,1
310,2,3,1,2,2
311,0,1,0,2,0
312,0,1,3,0,0
313,3,1,3,3,3
314,2,1,3,2,2
315,1,1,0,0,0
316,0,3,1,0,0
317,1,1,2,1,1
318,2,2,1,2,2
319,2,1,1,2,1
320,1,1,0,1,1
321,0,0,0,0,0
322,0,1,3,0,0
323,1,2,3,3,3
324,0,1,1,0,0
325,1,1,1,1,1
326,1,0,0,1,0
327,0,0,0,0,0
328,0,1,0,0,0
329,0,1,0,0,0
330,0,1,0,0,0
331,0,1,3,0,0
332,1,0,3,2,0
333,0,0,1,0,0
334,1,1,1,2,1
335,1,1,1,1,1
336,1,1,1,1,1
337,1,1,3,1,1
338,0,1,1,3,1
339,0,1,0,3,0
340,0,1,1,0,0
341,1,1,0,1,1
342,0,1,1,1,1
343,0,3,0,0,0
344,1,1,3,3,1
345,1,0,1,3,1
346,1,1,0,1,1
347,0,1,0,0,0
348,0,1,0,0,0
349,0,1,0,0,0
350,0,1,0,0,0
351,0,1,3,0,0
352,0,1,0,3,0
353,1,0,2,3,0
354,1,1,1,1,1
355,1,1,0,1,1
356,0,0,0,2,0
357,0,0,2,0,0
358,2,1,0,2,2
359,0,1,0,0,0
360,0,1,1,0,0
361,1,0,1,0,0
362,1,0,0,1,0
363,1,2,1,1,1
364,1,3,3,1,1
365,1,0,0,2,0
366,0,1,0,2,0
367,2,1,1,3,1
368,1,1,3,1,1
369,1,1,1,1,1
370,1,1,2,1,1
371,1,0,0,2,0
372,0,0,1,0,0
373,1,1,0,2,1
374,0,1,0,0,0
375,1,1,3,0,1
376,1,1,2,2,1
377,1,1,0,2,1
378,0,1,1,0,0
379,1,1,2,1,1
380,1,1,3,1,1
381,0,1,2,0,0
382,1,1,1,1,1
383,1,2,2,1,1
384,2,1,2,3,2
385,0,1,2,3,0
386,0,1,0,3,0
387,0,1,0,0,0
388,0,1,1,0,0
389,1,1,1,2,1
390,1,1,3,1,1
391,3,0,0,3,0
392,3,0,0,0,0
393,0,0,0,0,0
394,0,3,0,0,0
395,0,1,2,0,0
396,1,1,0,2,1
397,0,1,0,3,0
398,0,1,1,3,1
399,1,1,1,1,1
400,1,1,2,1,1
401,1,0,2,1,1
402,2,1,0,2,2
403,0,1,2,3,0
404,2,1,1,2,1
405,1,1,3,1,1
406,1,1,2,2,1
407,2,1,2,2,2
408,0,1,1,3,1
409,1,1,0,3,1
410,0,2,0,0,0
411,0,1,0,0,0
412,0,1,3,0,0
413,1,2,2,1,1
414,2,0,3,2,2
415,1,1,0,2,1
416,3,0,0,3,0
417,0,1,0,0,0
418,0,0,1,0,0
419,3,1,0,3,3
420,0,1,3,0,0
421,0,1,1,0,0
422,0,1,3,3,3
423,3,0,0,3,0
424,0,0,0,0,0
425,0,0,0,0,0
426,0,1,1,0,0
427,1,1,3,1,1
428,3,0,2,3,3
429,1,1,3,1,1
430,0,1,1,0,0
431,1,1,0,1,1
432,0,0,3,3,0
433,3,0,3,0,0
434,2,1,3,3,3
435,0,1,1,0,0
436,2,1,1,0,1
437,1,1,0,0,0
438,0,1,2,0,0
439,1,3,1,2,1
440,1,3,2,0,0
441,2,1,3,0,0
442,0,1,0,3,0
443,0,3,0,0,0
444,1,1,0,3,1
445,3,1,0,3,3
446,0,1,0,0,0
447,0,1,2,0,0
448,1,1,2,2,1
449,1,1,3,1,1
450,3,1,1,3,1
451,1,1,1,1,1
452,1,1,3,1,1
453,1,1,1,1,1
454,1,0,1,3,1
455,1,0,2,1,1
456,1,1,1,1,1
457,1,1,1,1,1
458,1,1,1,1,1
459,1,1,1,3,1
460,1,1,1,1,1
461,1,1,2,1,1
462,2,1,0,2,2
463,0,1,0,0,0
464,2,1,3,0,0
465,0,1,2,3,0
466,2,1,2,2,2
467,2,1,0,2,2
468,2,1,1,0,1
469,1,1,1,1,1
470,1,1,0,1,1
471,3,1,0,3,3
472,0,1,0,0,0
473,0,1,1,0,0
474,1,3,2,3,3
475,2,2,1,2,2
476,1,2,1,1,1
477,1,3,1,1,1
478,1,1,1,2,1
479,1,1,2,1,1
480,1,1,2,1,1
481,1,1,3,2,1
482,0,1,0,0,0
483,0,1,0,0,0
484,0,1,1,0,0
485,1,1,0,1,1
486,0,2,0,0,0
487,0,1,0,0,0
488,0,2,0,0,0
489,0,1,0,0,0
490,0,1,2,0,0
491,1,1,2,1,1
492,0,0,0,3,0
493,0,1,3,3,3
494,3,3,0,3,3
495,0,0,0,0,0
496,0,1,0,3,0
497,0,1,0,0,0
498,0,1,0,0,0
499,0,1,1,0,0
500,2,2,0,1,2
501,0,0,2,0,0
502,2,3,0,2,2
503,1,3,0,0,0
504,0,1,3,0,0
505,0,0,3,3,0
506,1,3,1,3,1
507,1,0,0,1,0
508,0,1,2,1,1
509,2,1,0,2,2
510,0,1,2,0,0
511,2,3,2,2,2
512,2,1,1,2,1
513,1,1,3,1,1
514,0,1,1,0,0
515,1,1,0,3,1
516,1,1,0,0,0
517,1,1,2,0,1
518,1,0,0,3,0
519,0,1,0,0,0
520,1,1,3,1,1
521,0,1,1,3,1
522,1,1,1,1,1
523,1,1,0,1,1
524,0,1,0,0,0
525,0,1,1,0,0
526,0,1,0,0,0
527,0,0,2,0,0
528,1,3,2,2,2
529,2,1,2,2,2
530,2,1,1,0,1
531,1,1,2,1,1
532,1,1,2,2,1
533,3,1,0,3,3
534,0,1,1,0,0
535,1,1,2,1,1
536,1,1,3,2,1
537,0,1,0,3,0
538,0,1,0,0,0
539,0,1,1,0,0
540,1,0,2,1,1
541,0,2,0,1,0
542,0,3,0,0,0
543,0,3,2,0,0
544,2,1,2,2,2
545,1,1,2,2,1
546,0,1,2,2,2
547,1,1,0,1,1
548,0,3,2,0,0
549,2,1,0,2,2
550,0,1,3,0,0
551,0,0,3,3,0
552,0,1,0,1,0
553,2,1,2,0,2
554,1,1,0,2,1
555,0,1,1,0,0
556,1,2,0,1,1
557,0,1,2,0,0
558,2,0,3,2,2
559,1,2,3,0,0
560,1,0,1,0,0
561,1,1,0,1,1
562,0,1,1,3,1
563,1,1,0,1,1
564,0,1,0,0,0
565,0,1,1,0,0
566,0,1,0,3,0
567,0,0,2,0,0
568,1,1,2,1,1
569,2,1,0,2,2
570,0,1,2,0,0
571,1,1,3,2,1
572,3,1,1,3,1
573,0,1,0,1,0
574,0,1,2,0,0
575,2,0,0,2,0
576,0,1,3,0,0
577,1,1,0,1,1
578,0,1,0,0,0
579,1,1,1,1,1
580,1,0,3,1,1
581,3,1,2,3,3
582,1,1,2,2,1
583,1,1,1,2,1
584,1,1,0,1,1
585,0,1,0,0,0
586,0,1,0,0,0
587,0,1,3,0,0
588,0,1,2,3,0
589,1,1,3,3,1
590,1,1,1,2,1
591,1,1,2,1,1
592,1,1,1,1,1
593,1,1,2,1,1
594,1,1,2,1,1
595,1,1,3,1,1
596,3,1,3,3,3
597,2,1,0,3,0
598,0,3,2,3,3
599,2,1,3,2,2
600,3,1,0,3,3
601,0,1,0,0,0
602,0,1,1,0,0
603,1,1,2,1,1
604,1,1,0,1,1
605,0,1,0,0,0
606,0,1,0,0,0
607,0,1,3,0,0
608,0,3,1,0,0
609,0,0,3,0,0
610,0,1,2,3,0
611,1,0,0,3,0
612,0,1,1,0,0
613,1,1,0,1,1
614,0,1,2,0,0
615,3,1,2,3,3
616,3,0,2,3,3
617,0,0,2,0,0
618,2,1,1,2,1
619,1,3,0,1,1
620,0,1,2,3,0
621,2,1,2,2,2
622,0,1,1,3,1
623,1,1,2,3,1
624,1,1,0,1,1
625,0,1,2,0,0
626,2,1,0,2,2
627,0,1,2,3,0
628,1,1,0,1,1
629,1,1,0,0,0
630,0,1,3,3,3
631,3,0,0,3,0
632,0,2,2,0,0
633,2,0,1,2,2
634,2,1,2,2,2
635,3,1,3,2,3
636,3,0,2,3,3
637,1,1,1,2,1
638,1,1,0,1,1
639,0,1,3,0,0
640,3,1,1,0,1
641,0,1,0,1,0
642,1,1,0,3,1
643,0,1,0,0,0
644,0,3,2,0,0
645,0,1,2,1,1
646,1,2,3,1,1
647,1,1,1,3,1
648,1,1,2,0,1
649,3,1,2,2,2
650,3,1,1,2,1
651,1,1,0,1,1
652,0,1,2,0,0
653,2,1,0,3,0
654,0,0,2,0,0
655,2,1,1,2,1
656,1,1,3,3,1
657,2,1,3,2,2
658,2,1,2,3,2
659,2,1,2,2,2
660,1,1,1,2,1
661,1,1,0,1,1
662,0,1,0,0,0
663,0,1,3,0,0
664,1,0,2,3,0
665,1,1,0,2,1
666,0,1,0,0,0
667,0,0,0,0,0
668,0,2,1,0,0
669,1,1,0,1,1
670,0,1,2,0,0
671,1,1,0,1,1
672,0,1,0,0,0
673,0,1,2,0,0
674,1,1,0,2,1
675,1,0,0,1,0
676,1,1,0,0,0
677,1,1,1,3,1
678,1,1,1,1,1
679,1,1,0,1,1
680,3,1,1,0,1
681,1,1,1,2,1
682,1,1,2,1,1
683,3,1,0,3,3
684,0,1,2,0,0
685,2,1,1,2,1
686,1,1,1,3,1
687,1,1,0,1,1
688,0,1,3,0,0
689,1,1,1,0,1
690,1,1,2,0,1
691,1,1,2,1,1
692,1,1,0,1,1
693,0,1,1,0,0
694,1,1,2,2,1
695,0,1,1,3,1
696,1,1,2,0,1
697,2,1,0,2,2
698,0,1,3,0,0
699,3,1,2,3,3
700,2,1,2,2,2
701,2,1,0,2,2
702,0,0,2,0,0
703,2,1,2,2,2
704,0,1,1,0,0
705,1,1,1,1,1
706,0,1,1,0,0
707,1,1,2,1,1
708,0,1,2,1,1
709,1,0,1,2,1
710,2,1,0,1,1
711,2,1,2,3,2
712,2,1,2,2,2
713,2,1,2,2,2
714,0,1,0,3,0
715,0,1,0,0,0
716,0,1,0,2,0
717,0,1,1,3,1
718,2,1,2,2,2
719,2,2,1,2,2
720,0,1,2,1,1
721,2,0,2,2,2
722,2,1,1,2,1
723,1,1,3,1,1
724,0,1,2,3,0
725,2,2,2,2,2
726,2,2,2,2,2
727,2,1,2,2,2
728,2,1,0,1,1
729,0,2,1,0,0
730,1,2,0,2,2
731,0,0,1,0,0
732,1,0,0,2,0
733,0,1,2,0,0
734,2,1,3,1,1
735,0,1,2,3,0
736,0,1,2,3,0
737,2,1,2,3,2
738,3,2,1,3,3
739,1,1,0,1,1
740,0,1,1,1,1
741,1,1,0,3,1
742,0,2,0,0,0
743,0,2,0,0,0
744,1,1,0,3,1
745,0,2,0,0,0
746,0,1,1,0,0
747,1,1,1,2,1
748,1,1,2,1,1
749,2,1,2,3,2
750,3,1,0,3,3
751,0,2,0,0,0
752,0,1,0,0,0
753,0,2,2,0,0
754,2,1,0,2,2
755,0,2,0,0,0
756,0,2,1,0,0
757,1,1,1,1,1
758,1,2,1,1,1
759,0,1,0,0,0
760,1,1,0,0,0
761,1,1,2,3,1
762,2,1,0,2,2
763,0,0,0,0,0
764,0,0,2,0,0
765,2,1,0,1,1
766,0,1,0,0,0
767,0,1,1,0,0
768,0,2,0,1,0
769,0,1,2,0,0
770,2,0,2,2,2
771,1,1,2,2,1
772,2,2,1,3,2
773,1,0,2,3,0
774,2,0,1,0,0
775,0,1,2,0,0
776,2,1,0,3,0
777,2,0,0,0,0
778,0,1,2,0,0
779,2,0,1,2,2
780,1,2,2,1,1
781,2,0,2,2,2
782,1,0,2,1,1
783,2,1,1,3,1
784,3,0,0,3,0
785,1,1,0,0,0
786,0,1,0,0,0
787,0,0,1,0,0
788,1,2,1,3,1
789,1,1,0,3,1
790,0,1,1,0,0
791,0,1,2,0,0
792,2,1,1,2,1
793,0,1,1,0,0
794,3,1,2,0,0
795,2,0,0,2,0
796,0,0,1,0,0
797,1,2,0,1,1
798,0,1,1,0,0
799,1,0,2,1,1
800,1,1,0,1,1
801,0,3,1,0,0
802,2,3,0,1,0
803,0,0,1,0,0
804,1,0,0,1,0
805,0,0,0,0,0
806,0,1,1,3,1
807,1,1,2,3,1
808,2,0,3,2,2
809,3,1,1,3,1
810,0,1,1,0,0
811,0,1,0,3,0
812,0,1,1,0,0
813,1,2,1,1,1
814,1,1,2,1,1
815,0,1,2,1,1
816,0,0,0,2,0
817,0,1,3,1,1
818,0,1,1,3,1
819,1,0,2,1,1
820,2,1,2,2,2
821,2,0,0,2,0
822,0,1,1,0,0
823,0,1,1,1,1
824,2,1,2,1,1
825,1,1,1,1,1
826,1,2,0,1,1
827,0,3,1,0,0
828,1,1,2,1,1
829,2,1,2,2,2
830,1,1,0,2,1
831,0,3,3,0,0
832,0,1,2,3,0
833,1,1,2,3,1
834,2,1,1,2,1
835,0,3,2,1,0
836,2,1,0,2,2
837,0,1,1,0,0
838,1,1,2,1,1
839,1,1,1,1,1
840,1,1,2,1,1
841,1,1,1,2,1
842,0,1,1,3,1
843,1,1,0,1,1
844,0,0,1,3,0
845,1,1,0,1,1
846,0,1,2,0,0
847,1,2,2,1,1
848,1,1,1,1,1
849,1,1,1,3,1
850,1,1,0,1,1
851,0,3,1,0,0
852,0,1,0,0,0
853,0,1,2,0,0
854,2,3,2,2,2
855,1,1,2,1,1
856,2,1,1,2,1
857,0,1,2,3,0
858,0,1,1,3,1
859,1,1,1,2,1
860,1,1,0,0,0
861,0,1,2,0,0
862,0,1,2,3,0
863,0,0,1,3,0
864,1,2,0,1,1
865,0,1,1,0,0
866,0,1,1,1,1
867,0,1,0,1,0
868,1,1,0,0,0
869,1,3,2,0,0
870,1,0,2,2,2
871,3,1,0,2,0
872,0,0,2,0,0
873,2,1,1,2,1
874,1,0,1,1,1
875,2,0,1,3,0
876,1,1,2,1,1
877,1,1,1,1,1
878,1,0,1,2,1
879,1,3,2,3,3
880,2,1,1,2,1
881,0,1,2,0,0
882,1,0,2,2,2
883,2,0,0,3,0
884,1,0,1,1,1
885,1,0,0,1,0
886,0,0,0,0,0
887,0,1,0,0,0
888,0,2,1,0,0
889,0,2,0,0,0
890,0,3,2,0,0
891,0,1,0,3,0
892,0,0,2,0,0
893,2,1,0,1,1
894,0,1,0,3,0
895,0,1,2,0,0
896,0,1,2,3,0
897,1,2,3,2,2
898,3,0,1,0,0
899,1,3,2,1,1
900,0,1,2,3,0
901,0,0,1,0,0
902,1,1,3,1,1
903,0,0,0,0,0
904,0,0,1,0,0
905,1,0,1,0,0
906,1,0,2,1,1
907,1,1,0,1,1
908,0,0,2,0,0
909,2,0,0,2,0
910,0,1,1,0,0
911,0,1,0,3,0
912,0,1,0,0,0
913,0,0,0,0,0
914,0,1,2,3,0
915,1,1,0,1,1
916,0,1,2,0,0
917,3,1,3,2,3
918,3,1,0,2,0
919,1,1,1,0,1
920,1,0,3,1,1
921,1,0,3,3,3
922,2,1,0,2,2
923,0,1,0,3,0
924,0,1,0,0,0
925,0,1,1,0,0
926,0,1,2,1,1
927,2,0,1,2,2
928,1,0,0,1,0
929,0,0,2,0,0
930,2,0,0,2,0
931,0,0,0,0,0
932,0,1,1,0,0
933,0,0,1,0,0
934,0,1,1,0,0
935,0,1,0,1,0
936,0,2,0,3,0
937,0,3,1,0,0
938,1,1,0,1,1
939,0,1,2,0,0
940,1,1,2,1,1
941,2,0,1,2,2
942,0,0,2,0,0
943,1,1,0,1,1
944,0,1,2,0,0
945,2,1,0,2,2
946,0,0,0,0,0
947,0,1,0,3,0
948,0,0,0,0,0
949,0,1,2,0,0
950,1,1,0,1,1
951,0,1,2,0,0
952,2,0,0,2,0
953,0,1,3,0,0
954,0,1,2,3,0
955,2,1,1,3,1
956,1,1,1,1,1
957,1,3,1,1,1
958,1,1,3,1,1
959,3,1,3,3,3
960,3,3,1,3,3
961,3,0,0,3,0
962,0,0,0,0,0
963,0,1,2,0,0
964,2,1,2,1,1
965,1,1,1,2,1
966,3,1,2,1,1
967,1,1,0,1,1
968,1,1,2,0,1
969,2,1,2,3,2
970,2,1,1,2,1
971,1,2,2,1,1
972,2,1,2,2,2
973,2,1,1,2,1
974,2,2,1,1,1
975,2,2,2,2,2
976,2,1,0,2,2
977,1,0,1,0,0
978,0,1,1,0,0
979,1,1,1,3,1
980,2,2,2,2,2
981,3,1,0,3,3
982,0,1,1,0,0
983,1,0,0,1,0
984,0,1,0,0,0
985,0,1,1,0,0
986,1,1,2,1,1
987,3,2,2,1,2
988,2,0,1,1,1
989,0,1,0,0,0
990,2,1,0,3,0
991,0,1,1,0,0
992,0,1,1,3,1
993,1,0,0,1,0
994,0,1,0,0,0
995,0,1,1,0,0
996,1,1,1,1,1
997,1,0,0,1,0
998,1,1,1,0,1
999,1,1,1,3,1
1000,2,0,2,0,0
1001,0,1,0,3,0
1002,2,1,2,3,2
1003,0,0,2,0,0
1004,0,0,1,3,0
1005,0,3,2,0,0
1006,2,1,2,3,2
1007,2,2,2,2,2
1008,2,1,1,2,1
1009,3,1,0,2,0
1010,0,1,1,0,0
1011,1,1,1,0,1
1012,1,1,1,0,1
1013,1,1,1,1,1
1014,1,1,2,1,1
1015,1,1,1,1,1
1016,3,2,2,1,2
1017,2,1,1,2,1
1018,1,1,1,0,1
1019,1,0,1,1,1
1020,0,0,1,0,0
1021,0,1,1,1,1
1022,0,1,1,3,1
1023,3,0,1,2,0
1024,0,1,2,0,0
1025,2,1,1,3,1
1026,1,1,2,1,1
1027,3,1,0,3,3
1028,0,0,0,0,0
1029,0,0,0,0,0
1030,0,2,1,0,0
1031,2,1,1,3,1
1032,1,1,1,1,1
1033,2,1,1,3,1
1034,3,0,1,1,1
1035,0,1,1,0,0
1036,1,0,0,1,0
1037,0,0,0,0,0
1038,0,1,2,0,0
1039,2,1,0,3,0
1040,0,3,1,0,0
1041,3,0,0,1,0
1042,0,0,0,0,0
1043,0,0,0,0,0
1044,0,2,2,0,0
1045,2,1,0,2,2
1046,0,1,0,3,0
1047,3,1,2,3,3
1048,1,0,0,3,0
1049,0,1,1,0,0
1050,1,1,0,2,1
1051,0,1,0,0,0
1052,0,1,2,0,0
1053,2,1,0,2,2
1054,0,1,1,0,0
1055,0,1,1,3,1
1056,1,0,0,1,0
1057,0,0,0,0,0
1058,0,1,2,0,0
1059,1,1,1,1,1
1060,1,0,0,1,0
1061,0,0,0,0,0
1062,0,0,0,0,0
1063,0,1,0,0,0
1064,0,1,0,0,0
1065,0,1,1,0,0
1066,0,1,2,2,2
1067,2,0,0,2,0
1068,0,1,0,1,0
1069,0,1,0,0,0
1070,0,1,3,3,3
1071,0,1,2,3,0
1072,2,1,1,3,1
1073,2,1,3,3,3
1074,0,1,2,2,2
1075,2,0,3,2,2
1076,0,2,2,0,0
1077,3,1,3,2,3
1078,1,1,0,1,1
1079,0,0,2,3,0
1080,1,0,0,2,0
1081,0,2,2,3,2
1082,2,0,1,1,1
1083,1,1,1,1,1
1084,3,1,1,0,1
1085,1,1,0,1,1
1086,0,1,0,0,0
1087,0,1,0,3,0
1088,2,0,0,3,0
1089,0,1,1,0,0
1090,3,1,1,1,1
1091,1,1,0,1,1
1092,0,1,2,0,0
1093,2,1,1,1,1
1094,2,1,1,2,1
1095,3,1,0,1,1
1096,0,1,0,0,0
1097,0,1,3,0,0
1098,0,1,3,3,3
1099,3,1,0,0,0
1100,0,1,1,1,1
1101,1,1,0,1,1
1102,0,1,0,0,0
1103,0,1,2,0,0
1104,2,1,1,1,1
1105,1,1,3,3,1
1106,3,1,0,1,1
1107,0,1,2,0,0
1108,2,0,3,2,2
1109,3,0,0,3,0
1110,0,1,3,0,0
1111,2,1,1,3,1
1112,1,1,2,1,1
1113,3,1,2,3,3
1114,1,1,3,2,1
1115,1,1,2,1,1
1116,1,0,0,1,0
1117,0,0,0,0,0
1118,0,0,0,0,0
1119,0,1,1,0,0
1120,1,1,0,1,1
1121,0,1,2,0,0
1122,2,1,3,3,3
1123,0,1,0,0,0
1124,0,2,2,3,2
1125,1,1,1,1,1
1126,2,1,1,3,1
1127,0,2,2,1,2
1128,2,1,2,1,1
1129,3,0,1,1,1
1130,0,1,1,0,0
1131,0,1,3,1,1
1132,3,1,0,3,3
1133,0,0,1,1,0
1134,0,1,3,0,0
1135,0,0,2,1,0
1136,2,1,2,1,1
1137,0,1,0,3,0
1138,0,0,0,0,0
1139,0,1,1,0,0
1140,1,0,3,1,1
1141,0,1,2,3,0
1142,0,1,0,3,0
1143,0,1,1,0,0
1144,2,1,0,1,1
1145,0,1,2,0,0
1146,2,1,1,2,1
1147,0,1,3,3,3
1148,1,1,2,0,1
1149,2,0,0,3,0
1150,0,1,0,3,0
1151,2,1,0,3,0
1152,0,1,0,0,0
1153,0,1,0,0,0
1154,0,0,2,0,0
1155,2,1,0,2,2
1156,0,0,0,1,0
1157,0,1,0,0,0
1158,0,1,3,3,3
1159,0,1,2,2,2
1160,0,3,3,1,3
1161,0,1,1,1,1
1162,1,1,3,1,1
1163,0,1,2,0,0
1164,1,1,2,1,1
1165,2,1,0,2,2
1166,3,1,0,0,0
1167,0,1,1,0,0
1168,1,1,0,1,1
1169,0,1,2,0,0
1170,2,3,1,3,3
1171,1,3,2,1,1
1172,1,1,1,1,1
1173,0,1,1,0,0
1174,0,1,2,0,0
1175,2,2,2,1,2
1176,0,1,0,3,0
1177,0,0,0,3,0
1178,0,1,2,0,0
1179,1,0,0,2,0
1180,0,1,0,0,0
1181,0,1,0,0,0
1182,0,0,1,0,0
1183,0,3,0,0,0
1184,1,1,2,0,1
1185,2,1,1,1,1
1186,0,3,0,0,0
1187,0,1,0,0,0
1188,1,1,0,0,0
1189,0,1,2,0,0
1190,2,1,2,2,2
1191,0,1,1,3,1
1192,3,1,1,3,1
1193,1,3,2,3,3
1194,0,1,1,3,1
1195,1,1,0,1,1
1196,0,2,2,0,0
1197,2,1,1,2,1
1198,0,1,1,0,0
1199,1,1,1,1,1
1200,1,1,2,1,1
1201,0,0,0,0,0
1202,0,1,2,3,0
1203,1,1,2,3,1
1204,2,1,3,2,2
1205,2,1,1,3,1
1206,1,3,2,1,1
1207,0,1,2,0,0
1208,1,3,0,1,1
1209,2,1,1,3,1
1210,3,1,1,3,1
1211,0,1,2,0,0
1212,3,1,1,2,1
1213,3,0,2,3,3
1214,2,1,3,3,3
1215,0,1,2,3,0
1216,2,0,0,3,0
1217,0,1,3,0,0
1218,0,1,0,0,0
1219,0,1,2,0,0
1220,3,1,2,3,3
1221,1,1,0,2,1
1222,2,0,0,3,0
1223,0,1,0,0,0
1224,0,1,1,0,0
1225,1,1,0,1,1
1226,0,1,1,3,1
1227,0,1,1,1,1
1228,2,1,1,2,1
1229,1,1,1,1,1
1230,1,0,2,1,1
1231,0,2,2,0,0
1232,2,1,0,3,0
1233,0,1,1,0,0
1234,1,1,3,1,1
1235,0,1,2,3,0
1236,2,1,1,2,1
1237,0,1,2,3,0
1238,2,1,0,2,2
1239,0,1,0,1,0
1240,0,1,1,0,0
1241,0,1,1,0,0
1242,0,1,1,0,0
1243,3,1,2,3,3
1244,2,1,1,2,1
1245,1,1,2,1,1
1246,3,1,2,3,3
1247,2,1,0,3,0
1248,0,0,0,0,0
1249,0,3,1,0,0
1250,3,0,0,2,0
1251,0,1,1,0,0
1252,1,1,2,1,1
1253,1,0,2,3,0
1254,0,1,2,2,2
1255,2,1,2,2,2
1256,1,1,1,2,1
1257,1,0,3,1,1
1258,0,0,0,2,0
1259,0,1,1,0,0
1260,1,3,2,1,1
1261,2,1,0,3,0
1262,3,0,3,0,0
1263,3,1,2,3,3
1264,2,1,3,1,1
1265,0,0,0,3,0
1266,0,1,1,0,0
1267,0,3,2,0,0
1268,0,3,2,3,3
1269,2,3,2,3,2
1270,0,2,3,3,3
1271,3,1,2,0,0
1272,0,1,2,3,0
1273,1,1,1,1,1
1274,1,1,0,0,0
1275,0,1,1,0,0
1276,0,1,2,1,1
1277,2,2,3,3,2
1278,2,2,2,2,2
1279,2,1,3,2,2
1280,3,0,1,3,3
1281,0,1,1,3,1
1282,3,1,2,2,2
1283,3,1,1,3,1
1284,1,1,0,1,1
1285,0,2,1,0,0
1286,1,1,0,1,1
1287,0,1,2,0,0
1288,2,1,1,2,1
1289,3,1,2,0,0
1290,2,1,2,3,2
1291,3,1,1,3,1
1292,3,1,3,1,1
1293,2,1,1,3,1
1294,1,2,2,1,1
1295,2,1,0,2,2
1296,0,1,2,0,0
1297,1,3,1,1,1
1298,1,1,0,3,1
1299,0,1,0,0,0
1300,0,1,0,0,0
1301,0,1,1,0,0
1302,3,1,0,1,1
1303,0,2,2,1,2
1304,2,1,1,2,1
1305,3,0,1,3,3
1306,0,0,0,3,0
1307,0,3,0,0,0
1308,1,1,3,0,1
1309,0,2,2,1,2
1310,3,1,1,3,1
1311,0,1,0,3,0
1312,0,1,1,0,0
1313,3,2,2,3,2
1314,3,1,0,3,3
1315,0,1,1,0,0
1316,1,3,0,1,1
1317,0,3,3,3,3
1318,2,2,0,3,2
1319,0,1,2,0,0
1320,2,0,0,2,0
1321,2,1,0,3,0
1322,3,1,3,3,3
1323,1,3,2,3,3
1324,3,3,0,3,3
1325,3,0,0,0,0
1326,0,1,2,0,0
1327,2,0,0,2,0
1328,0,1,1,0,0
1329,1,1,2,1,1
1330,3,2,2,3,2
1331,1,0,0,3,0
1332,0,3,2,0,0
1333,2,0,0,3,0
1334,0,3,2,0,0
1335,2,1,2,2,2
1336,1,0,0,1,0
1337,0,1,1,0,0
1338,3,1,0,3,3
1339,0,1,0,0,0
1340,0,1,0,0,0
1341,0,1,3,0,0
1342,3,1,3,2,3
1343,2,0,0,3,0
1344,0,1,1,0,0
1345,0,1,2,1,1
1346,2,3,2,2,2
1347,2,0,0,3,0
1348,1,3,0,0,0
1349,0,1,1,0,0
1350,1,1,0,1,1
1351,1,1,3,1,1
1352,0,1,0,0,0
1353,3,3,0,2,3
1354,0,1,0,0,0
1355,0,0,0,0,0
1356,0,1,1,0,0
1357,3,1,0,3,3
1358,3,2,2,1,2
1359,2,0,0,1,0
1360,0,1,3,0,0
1361,3,3,0,0,0
1362,3,2,3,0,3
1363,2,1,0,0,0
1364,0,2,2,3,2
1365,2,1,0,3,0
1366,0,1,0,0,0
1367,0,0,0,0,0
1368,0,1,1,0,0
1369,1,1,0,1,1
1370,0,1,2,0,0
1371,2,1,3,3,3
1372,0,1,2,3,0
1373,2,1,2,2,2
1374,2,1,1,1,1
1375,1,1,0,1,1
1376,0,1,0,0,0
1377,2,1,1,0,1
1378,1,1,1,1,1
1379,1,1,3,1,1
1380,0,3,0,3,0
1381,0,1,0,3,0
1382,3,1,0,0,0
1383,3,1,0,3,3
1384,0,0,0,0,0
1385,0,0,0,0,0
1386,0,1,2,0,0
1387,2,1,0,3,0
1388,0,2,3,0,0
1389,2,1,2,3,2
1390,2,1,0,1,1
1391,0,3,2,0,0
1392,3,1,3,2,3
1393,3,1,2,0,0
1394,2,1,0,2,2
1395,2,1,1,0,1
1396,0,3,1,1,1
1397,3,1,0,2,0
1398,0,0,0,3,0
1399,0,1,0,0,0
1400,2,2,2,0,2
1401,2,2,2,2,2
1402,2,1,1,2,1
1403,0,1,1,1,1
1404,1,3,0,1,1
1405,0,1,3,0,0
1406,3,1,2,0,0
1407,2,1,2,1,1
1408,3,1,3,2,3
1409,0,3,0,3,0
1410,0,0,0,0,0
1411,0,1,0,0,0
1412,0,3,0,0,0
1413,0,1,2,0,0
1414,0,1,1,3,1
1415,3,2,3,1,3
1416,2,1,3,2,2
1417,3,3,0,1,3
1418,3,3,0,3,3
1419,0,1,1,0,0
1420,1,1,0,1,1
1421,0,1,1,0,0
1422,1,1,2,1,1
1423,2,0,1,3,0
1424,0,1,1,0,0
1425,3,1,0,3,3
1426,0,1,1,0,0
1427,3,1,2,1,1
1428,0,0,2,1,0
1429,1,1,1,2,1
1430,1,3,3,1,1
1431,3,1,1,0,1
1432,1,1,0,1,1
1433,0,1,2,1,1
1434,2,3,3,2,2
1435,0,3,0,3,0
1436,0,0,0,0,0
1437,0,2,2,0,0
1438,2,1,1,2,1
1439,1,1,0,1,1
1440,1,1,2,3,1
1441,1,1,0,1,1
1442,0,0,0,3,0
1443,0,0,0,0,0
1444,0,3,0,0,0
1445,0,1,2,0,0
1446,1,1,3,1,1
1447,3,1,3,3,3
1448,3,1,0,0,0
1449,0,1,1,0,0
1450,1,1,1,1,1
1451,1,1,2,1,1
1452,2,3,0,1,0
1453,0,1,2,0,0
1454,2,1,3,1,1
1455,3,1,2,3,3
1456,2,1,0,2,2
1457,0,1,0,0,0
1458,0,1,3,0,0
1459,0,3,1,3,3
1460,1,0,0,1,0
1461,0,1,1,0,0
1462,1,1,0,1,1
1463,0,0,0,0,0
1464,0,1,3,1,1
1465,1,1,3,1,1
1466,0,3,0,0,0
1467,1,1,2,0,1
1468,1,1,1,1,1
1469,1,1,3,0,1
1470,1,1,3,3,1
1471,0,3,1,1,1
1472,1,1,1,3,1
1473,1,1,0,1,1
1474,0,1,2,1,1
1475,1,1,2,2,1
1476,1,1,1,1,1
1477,1,3,0,1,1
1478,0,3,3,0,0
1479,0,1,2,0,0
1480,1,1,0,3,1
1481,1,1,1,0,1
1482,0,2,2,1,2
1483,2,1,1,2,1
1484,3,1,3,0,3
1485,0,1,0,1,0
1486,0,3,0,3,0
1487,0,1,0,0,0
1488,0,1,0,0,0
1489,0,0,0,0,0
1490,0,1,0,0,0
1491,0,1,3,0,0
1492,0,1,3,2,0
1493,3,1,1,1,1
1494,0,0,0,0,0
1495,0,1,0,0,0
1496,0,1,1,0,0
1497,1,1,2,1,1
1498,1,1,2,2,1
1499,3,1,2,1,1
1500,3,1,0,3,3
1501,0,1,2,3,0
1502,2,3,2,3,2
1503,3,0,0,2,0
1504,0,2,2,0,0
1505,2,1,3,2,2
1506,3,1,2,0,0
1507,1,1,2,1,1
1508,1,1,1,2,1
1509,1,1,1,1,1
1510,1,2,3,1,1
1511,1,1,2,1,1
1512,2,0,0,3,0
1513,0,1,0,0,0
1514,0,1,0,3,0
1515,0,1,1,0,0
1516,0,1,2,0,0
1517,3,1,0,1,1
1518,0,0,3,0,0
1519,0,1,0,3,0
1520,1,3,1,3,1
1521,3,3,0,1,3
1522,0,1,1,0,0
1523,1,1,1,1,1
1524,1,1,2,1,1
1525,1,1,0,1,1
1526,3,1,2,3,3
1527,2,1,3,1,1
1528,0,1,0,0,0
1529,0,0,0,0,0
1530,0,1,3,0,0
1531,3,1,1,2,1
1532,1,1,2,1,1
1533,2,1,0,1,1
1534,3,1,2,3,3
1535,1,1,1,3,1
1536,0,1,1,3,1
1537,1,1,0,1,1
1538,0,1,0,0,0
1539,0,1,0,0,0
1540,0,0,1,3,0
1541,2,1,2,3,2
1542,1,1,0,1,1
1543,0,1,1,0,0
1544,1,1,1,1,1
1545,1,1,2,1,1
1546,2,1,1,1,1
1547,1,1,0,1,1
1548,3,1,1,0,1
1549,2,1,1,1,1
1550,0,1,1,0,0
1551,1,1,1,1,1
1552,1,0,0,1,0
1553,0,1,0,0,0
1554,0,1,1,3,1
1555,1,0,0,1,0
1556,0,0,0,0,0
1557,0,3,3,0,0
1558,3,1,0,1,1
1559,0,1,1,0,0
1560,0,1,0,3,0
1561,0,3,2,0,0
1562,3,3,3,2,3
1563,3,1,1,3,1
1564,1,0,0,1,0
1565,0,1,0,0,0
1566,0,1,2,0,0
1567,1,1,1,3,1
1568,1,1,3,1,1
1569,0,0,0,3,0
1570,0,1,0,0,0
1571,0,0,0,0,0
1572,0,1,3,0,0
1573,0,3,1,3,3
1574,3,1,1,3,1
1575,0,1,1,1,1
1576,1,1,3,1,1
1577,1,1,3,1,1
1578,1,1,0,1,1
1579,0,1,1,1,1
1580,1,1,1,1,1
1581,1,1,1,1,1
1582,1,1,0,1,1
1583,0,1,2,3,0
1584,2,1,2,1,1
1585,3,1,2,1,1
1586,1,0,0,1,0
1587,0,0,0,0,0
1588,0,1,1,0,0
1589,0,1,1,1,1
1590,2,1,1,1,1
1591,1,1,1,1,1
1592,1,1,1,1,1
1593,1,1,1,1,1
1594,3,1,1,1,1
1595,1,0,3,0,0
1596,3,1,1,3,1
1597,2,1,1,2,1
1598,0,1,2,1,1
1599,3,0,0,3,0
1600,0,1,1,0,0
1601,3,0,0,3,0
1602,0,1,1,0,0
1603,3,0,0,3,0
1604,0,1,3,0,0
1605,2,2,2,0,2
1606,2,1,3,0,0
1607,3,1,2,2,2
1608,1,1,1,1,1
1609,0,1,2,1,1
1610,2,2,0,1,2
1611,0,1,3,0,0
1612,1,1,0,3,1
1613,3,1,2,3,3
1614,2,1,1,2,1
1615,1,1,2,1,1
1616,2,1,0,2,2
1617,0,0,0,0,0
1618,0,3,0,0,0
1619,0,1,1,0,0
1620,1,1,3,3,1
1621,1,1,1,2,1
1622,0,1,2,1,1
1623,2,1,1,2,1
1624,1,1,2,1,1
1625,1,1,2,3,1
1626,1,3,2,2,2
1627,0,1,3,3,3
1628,1,1,3,2,1
1629,1,1,2,3,1
1630,2,1,2,3,2
1631,2,1,2,3,2
1632,2,1,3,3,3
1633,2,1,1,3,1
1634,2,1,1,3,1
1635,2,1,1,3,1
1636,1,1,1,3,1
1637,2,1,0,3,0
1638,0,1,1,0,0
1639,1,1,2,1,1
1640,3,1,1,1,1
1641,3,1,0,3,3
1642,3,1,1,3,1
1643,1,1,0,1,1
1644,0,1,0,0,0
1645,0,1,0,0,0
1646,2,1,2,3,2
1647,2,1,1,2,1
1648,3,3,2,3,3
1649,3,3,0,3,3
1650,0,1,1,0,0
1651,1,1,1,1,1
1652,1,0,3,1,1
1653,3,0,0,3,0
1654,0,1,0,0,0
1655,0,1,0,0,0
1656,0,1,3,0,0
1657,0,1,2,3,0
1658,2,1,1,1,1
1659,1,1,0,1,1
1660,0,1,2,0,0
1661,1,1,0,1,1
1662,1,1,3,0,1
1663,2,0,0,3,0
1664,0,1,2,0,0
1665,2,2,2,1,2
1666,2,1,0,0,0
1667,0,3,0,0,0
1668,3,1,0,3,3
1669,0,1,1,0,0
1670,1,1,0,1,1
1671,0,1,0,0,0
1672,0,0,0,0,0
1673,0,1,0,0,0
1674,0,1,2,0,0
1675,2,1,0,2,2
1676,0,1,3,0,0
1677,1,1,1,0,1
1678,2,0,0,3,0
1679,0,1,2,0,0
1680,1,3,0,1,1
1681,0,1,1,0,0
1682,1,1,2,1,1
1683,1,1,2,1,1
1684,1,1,0,1,1
1685,0,1,3,0,0
1686,1,1,0,3,1
1687,2,0,0,3,0
1688,0,3,0,0,0
1689,0,0,0,0,0
1690,0,3,0,0,0
1691,0,1,1,0,0
1692,3,1,1,1,1
1693,3,0,0,1,0
1694,0,1,0,0,0
1695,0,1,1,0,0
1696,1,3,3,1,1
1697,1,2,2,3,2
1698,2,0,0,0,0
1699,0,3,0,0,0
1700,0,1,1,0,0
1701,1,0,0,1,0
1702,0,1,1,0,0
1703,1,3,0,1,1
1704,0,3,3,0,0
1705,0,3,1,0,0
1706,1,1,0,1,1
1707,0,3,0,3,0
1708,0,0,0,0,0
1709,0,1,1,0,0
1710,1,1,0,3,1
1711,0,1,1,0,0
1712,0,1,1,1,1
1713,0,1,0,0,0
1714,0,1,0,0,0
1715,1,1,2,0,1
1716,2,3,2,2,2
1717,0,1,1,3,1
1718,2,1,2,1,1
1719,1,1,1,1,1
1720,1,1,1,1,1
1721,1,1,1,1,1
1722,3,1,0,1,1
1723,0,1,2,0,0
1724,0,1,0,3,0
1725,2,1,1,0,1
1726,1,1,3,1,1
1727,0,1,1,0,0
1728,2,1,2,1,1
1729,0,1,0,2,0
1730,0,1,1,3,1
1731,1,3,2,1,1
1732,0,1,0,3,0
1733,1,2,1,1,1
1734,1,1,0,3,1
1735,0,0,3,1,0
1736,0,1,2,3,0
1737,2,3,1,1,1
1738,2,0,0,3,0
1739,0,1,2,0,0
1740,1,1,1,1,1
1741,3,1,3,0,3
1742,3,1,2,1,1
1743,2,1,2,2,2
1744,1,1,1,1,1
1745,2,1,1,3,1
1746,1,0,3,1,1
1747,2,1,2,0,2
1748,1,3,3,2,3
1749,0,1,0,3,0
1750,0,1,1,0,0
1751,1,1,1,1,1
1752,1,1,1,1,1
1753,3,1,1,0,1
1754,0,1,3,1,1
1755,0,1,1,3,1
1756,1,1,2,1,1
1757,2,1,1,1,1
1758,1,1,0,1,1
1759,0,1,3,1,1
1760,0,1,1,1,1
1761,1,0,0,0,0
1762,0,1,1,0,0
1763,1,1,1,1,1
1764,3,1,2,3,3
1765,0,1,0,3,0
1766,0,1,1,0,0
1767,0,1,0,3,0
1768,2,0,0,1,0
1769,0,1,2,0,0
1770,2,1,0,1,1
1771,0,1,1,0,0
1772,1,1,2,1,1
1773,2,1,1,2,1
1774,0,1,0,2,0
1775,0,1,1,1,1
1776,1,0,0,3,0
1777,0,1,2,0,0
1778,2,1,1,1,1
1779,1,1,2,1,1
1780,2,0,1,2,2
1781,0,1,1,0,0
1782,3,1,1,3,1
1783,1,1,1,1,1
1784,2,1,2,0,2
1785,0,1,1,1,1
1786,1,1,2,1,1
1787,0,1,0,0,0
1788,0,1,2,0,0
1789,3,3,2,3,3
1790,2,1,3,3,3
1791,3,1,3,3,3
1792,3,1,0,3,3
1793,0,1,0,0,0
1794,0,1,2,0,0
1795,3,1,2,3,3
1796,2,1,1,3,1
1797,0,1,2,3,0
1798,2,1,3,3,3
1799,3,3,2,3,3
1800,0,1,1,3,1
1801,3,1,3,3,3
1802,1,0,2,1,1
1803,3,1,1,3,1
1804,2,0,0,3,0
1805,0,0,3,0,0
1806,2,1,2,0,2
1807,3,1,2,3,3
1808,1,1,1,1,1
1809,1,1,2,1,1
1810,3,1,3,2,3
1811,2,1,0,2,2
1812,0,1,1,0,0
1813,3,0,0,1,0
1814,0,1,0,0,0
1815,0,1,3,0,0
1816,3,1,0,1,1
1817,0,0,0,3,0
1818,0,0,0,0,0
1819,0,1,0,0,0
1820,0,1,0,0,0
1821,0,1,0,3,0
1822,0,1,3,0,0
1823,3,3,0,1,3
1824,0,1,1,0,0
1825,1,1,0,1,1
1826,3,1,1,3,1
1827,1,1,1,1,1
1828,2,3,2,1,2
1829,3,0,0,1,0
1830,0,1,0,0,0
1831,3,1,1,0,1
1832,2,0,0,1,0
1833,0,1,2,0,0
1834,3,1,0,1,1
1835,0,1,0,0,0
1836,0,1,0,0,0
1837,0,1,0,0,0
1838,2,1,0,3,0
1839,3,0,0,3,0
1840,0,1,1,0,0
1841,3,0,0,1,0
1842,0,1,2,0,0
1843,2,1,0,2,2
1844,0,0,0,0,0
1845,0,1,0,0,0
1846,0,1,3,0,0
1847,0,1,1,0,0
1848,0,1,0,1,0
1849,0,1,2,1,1
1850,1,1,1,1,1
1851,1,1,2,1,1
1852,1,3,1,1,1
1853,3,1,2,1,1
1854,2,1,1,2,1
1855,3,1,0,3,3
1856,1,3,0,3,3
1857,0,0,0,0,0
1858,0,3,0,0,0
1859,0,1,2,0,0
1860,1,3,0,1,1
1861,0,1,3,3,3
1862,0,1,1,3,1
1863,1,1,2,1,1
1864,2,1,2,1,1
1865,2,0,0,2,0
1866,0,1,1,0,0
1867,0,1,1,3,1
1868,3,0,0,3,0
1869,0,1,0,0,0
1870,0,1,0,3,0
1871,0,1,2,0,0
1872,2,1,1,2,1
1873,1,2,2,1,1
1874,2,0,0,2,0
1875,0,0,0,0,0
1876,0,1,0,0,0
1877,0,1,0,0,0
1878,0,1,1,0,0
1879,1,3,3,1,1
1880,2,1,0,3,0
1881,0,3,2,3,3
1882,2,3,2,2,2
1883,0,3,2,3,3
1884,3,1,2,3,3
1885,2,1,2,2,2
1886,1,1,0,1,1
1887,2,1,1,3,1
1888,1,1,3,1,1
1889,3,1,2,2,2
1890,2,1,2,2,2
1891,2,1,2,2,2
1892,2,3,3,2,2
1893,1,1,1,2,1
1894,3,3,0,1,3
1895,0,3,1,0,0
1896,3,3,2,3,3
1897,0,0,0,2,0
1898,0,0,3,0,0
1899,0,1,2,1,1
1900,2,1,1,1,1
1901,2,3,1,3,3
1902,0,1,3,3,3
1903,0,1,2,2,2
1904,2,1,0,1,1
1905,0,2,2,0,0
1906,2,0,0,3,0
1907,0,1,2,0,0
1908,2,1,0,2,2
1909,0,1,1,1,1
1910,3,1,3,3,3
1911,1,1,0,3,1
1912,0,0,0,1,0
1913,0,1,1,0,0
1914,3,1,3,1,1
1915,2,1,0,3,0
1916,0,1,1,0,0
1917,3,1,2,1,1
1918,0,1,2,0,0
1919,2,1,3,1,1
1920,2,1,0,3,0
1921,3,1,2,1,1
1922,2,3,0,2,2
1923,3,0,0,0,0
1924,0,1,1,0,0
1925,0,0,0,1,0
1926,0,2,2,0,0
1927,2,1,1,1,1
1928,2,1,3,1,1
1929,0,1,1,3,1
1930,1,1,2,1,1
1931,3,3,0,3,3
1932,0,1,2,3,0
1933,2,1,0,1,1
1934,0,1,1,0,0
1935,1,1,1,1,1
1936,2,1,1,1,1
1937,1,1,0,3,1
1938,0,1,3,0,0
1939,2,0,0,3,0
1940,0,0,0,0,0
1941,0,0,0,0,0
1942,0,2,1,0,0
1943,1,1,0,1,1
1944,0,3,2,0,0
1945,3,3,3,3,3
1946,2,3,0,3,3
1947,0,1,3,0,0
1948,1,1,1,3,1
1949,2,1,1,0,1
1950,2,0,0,3,0
1951,0,1,2,0,0
1952,2,1,1,1,1
1953,0,1,2,1,1
1954,2,1,3,2,2
1955,1,1,0,3,1
1956,0,2,2,0,0
1957,2,1,1,3,1
1958,2,1,0,3,0
1959,0,1,0,0,0
1960,0,1,0,0,0
1961,2,1,0,3,0
1962,0,1,0,0,0
1963,0,1,3,0,0
1964,2,1,1,3,1
1965,1,1,0,1,1
1966,1,3,2,0,0
1967,0,0,0,0,0
1968,0,3,2,0,0
1969,0,1,1,0,0
1970,1,0,0,1,0
1971,0,1,0,0,0
1972,0,1,0,0,0
1973,0,1,0,3,0
1974,0,1,3,1,1
1975,2,1,0,3,0
1976,0,0,3,0,0
1977,3,0,0,3,0
1978,0,1,0,0,0
1979,0,0,0,0,0
1980,0,1,1,0,0
1981,0,1,0,1,0
1982,0,1,2,0,0
1983,2,1,1,2,1
1984,1,1,0,1,1
1985,0,0,0,0,0
1986,0,0,2,1,0
1987,2,1,0,2,2
1988,0,1,0,0,0
1989,0,1,1,3,1
1990,3,1,0,1,1
1991,0,1,0,0,0
1992,0,0,0,3,0
1993,0,1,2,0,0
1994,2,1,2,2,2
1995,2,0,0,1,0
1996,0,0,0,0,0
1997,0,1,1,0,0
1998,2,1,2,1,1
1999,2,1,1,2,1
